{"coverage":{"app/templates/utils.js":{"path":"app/templates/utils.js","s":{"1":21,"2":36,"3":21,"4":36,"5":0,"6":36,"7":0,"8":0,"9":0,"10":0,"11":0,"12":0,"13":36,"14":36,"15":36,"16":0,"17":36,"18":69,"19":69,"20":33,"21":33,"22":36,"23":33,"24":33,"25":36,"26":21,"27":21,"28":21,"29":21,"30":21,"31":21,"32":57,"33":57,"34":57,"35":57,"36":21,"37":27,"38":27,"39":27,"40":27,"41":27,"42":27,"43":27,"44":27,"45":21,"46":36,"47":36,"48":36,"49":21,"50":21,"51":21,"52":21,"53":21,"54":12,"55":12,"56":12,"57":12,"58":21,"59":117,"60":21,"61":77,"62":77,"63":0,"64":0,"65":77,"66":41,"67":77,"68":21,"69":18,"70":90,"71":90,"72":54,"73":324,"74":90,"75":90,"76":36,"77":54,"78":18,"79":90,"80":18,"81":21,"82":45,"83":45,"84":45,"85":45,"86":45,"87":45,"88":45,"89":45,"90":117,"91":117,"92":45,"93":45,"94":0,"95":0,"96":21,"97":72,"98":1080,"99":36,"100":1044,"101":612,"102":72,"103":72,"104":72,"105":72,"106":72,"107":72,"108":21,"109":45,"110":21,"111":0,"112":21,"113":36,"114":36,"115":36,"116":36,"117":108,"118":72,"119":36,"120":36,"121":36,"122":21,"123":33,"124":33,"125":21,"126":12,"127":21,"128":69,"129":69,"130":36,"131":36,"132":33,"133":21,"134":21,"135":21,"136":0,"137":0,"138":0,"139":0,"140":0,"141":21,"142":0,"143":21,"144":36,"145":21,"146":31,"147":31,"148":21,"149":9,"150":21,"151":21,"152":21,"153":21,"154":21,"155":21,"156":20,"157":20,"158":0,"159":21,"160":36,"161":36,"162":36,"163":36,"164":36,"165":36,"166":36,"167":21,"168":36,"169":36,"170":36,"171":36,"172":36,"173":36,"174":108,"175":36,"176":36,"177":36,"178":21,"179":36,"180":36,"181":36,"182":36,"183":12,"184":12,"185":21,"186":21,"187":21,"188":33,"189":33,"190":12,"191":12,"192":12,"193":12,"194":36,"195":36,"196":36,"197":36,"198":36,"199":12,"200":12,"201":12,"202":12,"203":21,"204":21,"205":21,"206":21,"207":21,"208":21,"209":63,"210":63,"211":63,"212":63,"213":21,"214":21,"215":21,"216":21,"217":21,"218":4,"219":17,"220":21,"221":21,"222":21,"223":20,"224":20,"225":20,"226":1,"227":1,"228":0,"229":17,"230":21,"231":4,"232":17,"233":16,"234":1},"b":{"1":[36,36],"2":[36,0],"3":[0,0],"4":[0,0],"5":[36,0],"6":[33,36],"7":[33,33],"8":[117,117],"9":[0,77],"10":[41,36],"11":[77,77],"12":[198,126],"13":[198,36],"14":[36,54],"15":[18,36],"16":[45,0],"17":[45,72],"18":[36,1044],"19":[1080,383],"20":[612,432],"21":[45,45,45],"22":[72,36],"23":[36,0],"24":[21,12],"25":[36,33],"26":[12,12],"27":[21,21],"28":[12,21],"29":[36,12],"30":[24,12],"31":[21,21],"32":[21,0],"33":[42,21],"34":[4,17],"35":[4,0],"36":[20,1],"37":[4,17],"38":[16,1]},"f":{"1":36,"2":36,"3":0,"4":0,"5":0,"6":36,"7":0,"8":69,"9":33,"10":21,"11":21,"12":57,"13":27,"14":36,"15":21,"16":12,"17":117,"18":77,"19":0,"20":18,"21":90,"22":54,"23":324,"24":45,"25":72,"26":1080,"27":45,"28":0,"29":36,"30":36,"31":108,"32":33,"33":69,"34":21,"35":0,"36":0,"37":36,"38":31,"39":9,"40":21,"41":21,"42":20,"43":0,"44":36,"45":36,"46":36,"47":36,"48":108,"49":36,"50":12,"51":21,"52":33,"53":21},"fnMap":{"1":{"name":"ExecutionQueue","line":2,"loc":{"start":{"line":2,"column":0},"end":{"line":2,"column":26}}},"2":{"name":"(anonymous_2)","line":7,"loc":{"start":{"line":7,"column":13},"end":{"line":7,"column":38}}},"3":{"name":"(anonymous_3)","line":10,"loc":{"start":{"line":10,"column":18},"end":{"line":10,"column":34}}},"4":{"name":"(anonymous_4)","line":16,"loc":{"start":{"line":16,"column":13},"end":{"line":16,"column":34}}},"5":{"name":"(anonymous_5)","line":17,"loc":{"start":{"line":17,"column":67},"end":{"line":17,"column":86}}},"6":{"name":"(anonymous_6)","line":24,"loc":{"start":{"line":24,"column":16},"end":{"line":24,"column":57}}},"7":{"name":"(anonymous_7)","line":27,"loc":{"start":{"line":27,"column":67},"end":{"line":27,"column":86}}},"8":{"name":"recursive","line":30,"loc":{"start":{"line":30,"column":9},"end":{"line":30,"column":35}}},"9":{"name":"(anonymous_9)","line":33,"loc":{"start":{"line":33,"column":38},"end":{"line":33,"column":50}}},"10":{"name":"UIStateManager","line":47,"loc":{"start":{"line":47,"column":0},"end":{"line":47,"column":32}}},"11":{"name":"(anonymous_11)","line":60,"loc":{"start":{"line":60,"column":28},"end":{"line":60,"column":38}}},"12":{"name":"(anonymous_12)","line":62,"loc":{"start":{"line":62,"column":14},"end":{"line":62,"column":25}}},"13":{"name":"(anonymous_13)","line":70,"loc":{"start":{"line":70,"column":11},"end":{"line":70,"column":22}}},"14":{"name":"(anonymous_14)","line":82,"loc":{"start":{"line":82,"column":17},"end":{"line":82,"column":28}}},"15":{"name":"(anonymous_15)","line":89,"loc":{"start":{"line":89,"column":17},"end":{"line":89,"column":28}}},"16":{"name":"(anonymous_16)","line":96,"loc":{"start":{"line":96,"column":15},"end":{"line":96,"column":26}}},"17":{"name":"(anonymous_17)","line":111,"loc":{"start":{"line":111,"column":15},"end":{"line":111,"column":31}}},"18":{"name":"(anonymous_18)","line":123,"loc":{"start":{"line":123,"column":21},"end":{"line":123,"column":41}}},"19":{"name":"(anonymous_19)","line":126,"loc":{"start":{"line":126,"column":21},"end":{"line":126,"column":37}}},"20":{"name":"(anonymous_20)","line":141,"loc":{"start":{"line":141,"column":29},"end":{"line":141,"column":54}}},"21":{"name":"(anonymous_21)","line":142,"loc":{"start":{"line":142,"column":19},"end":{"line":142,"column":35}}},"22":{"name":"(anonymous_22)","line":144,"loc":{"start":{"line":144,"column":28},"end":{"line":144,"column":62}}},"23":{"name":"(anonymous_23)","line":145,"loc":{"start":{"line":145,"column":33},"end":{"line":145,"column":45}}},"24":{"name":"(anonymous_24)","line":164,"loc":{"start":{"line":164,"column":33},"end":{"line":164,"column":52}}},"25":{"name":"(anonymous_25)","line":199,"loc":{"start":{"line":199,"column":20},"end":{"line":199,"column":34}}},"26":{"name":"(anonymous_26)","line":200,"loc":{"start":{"line":200,"column":32},"end":{"line":200,"column":53}}},"27":{"name":"(anonymous_27)","line":214,"loc":{"start":{"line":214,"column":25},"end":{"line":214,"column":44}}},"28":{"name":"(anonymous_28)","line":219,"loc":{"start":{"line":219,"column":25},"end":{"line":219,"column":48}}},"29":{"name":"(anonymous_29)","line":231,"loc":{"start":{"line":231,"column":28},"end":{"line":231,"column":48}}},"30":{"name":"(anonymous_30)","line":234,"loc":{"start":{"line":234,"column":22},"end":{"line":234,"column":36}}},"31":{"name":"(anonymous_31)","line":235,"loc":{"start":{"line":235,"column":33},"end":{"line":235,"column":47}}},"32":{"name":"(anonymous_32)","line":251,"loc":{"start":{"line":251,"column":28},"end":{"line":251,"column":39}}},"33":{"name":"(anonymous_33)","line":261,"loc":{"start":{"line":261,"column":21},"end":{"line":261,"column":36}}},"34":{"name":"(anonymous_34)","line":272,"loc":{"start":{"line":272,"column":21},"end":{"line":272,"column":38}}},"35":{"name":"(anonymous_35)","line":276,"loc":{"start":{"line":276,"column":46},"end":{"line":276,"column":57}}},"36":{"name":"(anonymous_36)","line":284,"loc":{"start":{"line":284,"column":43},"end":{"line":284,"column":54}}},"37":{"name":"(anonymous_37)","line":288,"loc":{"start":{"line":288,"column":42},"end":{"line":288,"column":53}}},"38":{"name":"(anonymous_38)","line":293,"loc":{"start":{"line":293,"column":76},"end":{"line":293,"column":87}}},"39":{"name":"(anonymous_39)","line":298,"loc":{"start":{"line":298,"column":46},"end":{"line":298,"column":57}}},"40":{"name":"(anonymous_40)","line":304,"loc":{"start":{"line":304,"column":24},"end":{"line":304,"column":47}}},"41":{"name":"(anonymous_41)","line":305,"loc":{"start":{"line":305,"column":23},"end":{"line":305,"column":49}}},"42":{"name":"(anonymous_42)","line":310,"loc":{"start":{"line":310,"column":18},"end":{"line":310,"column":33}}},"43":{"name":"(anonymous_43)","line":313,"loc":{"start":{"line":313,"column":21},"end":{"line":313,"column":35}}},"44":{"name":"(anonymous_44)","line":320,"loc":{"start":{"line":320,"column":25},"end":{"line":320,"column":42}}},"45":{"name":"(anonymous_45)","line":327,"loc":{"start":{"line":327,"column":27},"end":{"line":327,"column":42}}},"46":{"name":"(anonymous_46)","line":336,"loc":{"start":{"line":336,"column":26},"end":{"line":336,"column":37}}},"47":{"name":"(anonymous_47)","line":339,"loc":{"start":{"line":339,"column":20},"end":{"line":339,"column":37}}},"48":{"name":"(anonymous_48)","line":342,"loc":{"start":{"line":342,"column":27},"end":{"line":342,"column":44}}},"49":{"name":"(anonymous_49)","line":358,"loc":{"start":{"line":358,"column":20},"end":{"line":358,"column":47}}},"50":{"name":"(anonymous_50)","line":366,"loc":{"start":{"line":366,"column":14},"end":{"line":366,"column":29}}},"51":{"name":"(anonymous_51)","line":370,"loc":{"start":{"line":370,"column":15},"end":{"line":370,"column":29}}},"52":{"name":"(anonymous_52)","line":383,"loc":{"start":{"line":383,"column":31},"end":{"line":383,"column":80}}},"53":{"name":"(anonymous_53)","line":455,"loc":{"start":{"line":455,"column":21},"end":{"line":455,"column":42}}}},"statementMap":{"1":{"start":{"line":2,"column":0},"end":{"line":4,"column":1}},"2":{"start":{"line":3,"column":4},"end":{"line":3,"column":19}},"3":{"start":{"line":5,"column":0},"end":{"line":40,"column":2}},"4":{"start":{"line":8,"column":8},"end":{"line":13,"column":11}},"5":{"start":{"line":11,"column":12},"end":{"line":11,"column":18}},"6":{"start":{"line":14,"column":8},"end":{"line":14,"column":19}},"7":{"start":{"line":17,"column":8},"end":{"line":19,"column":11}},"8":{"start":{"line":18,"column":8},"end":{"line":18,"column":43}},"9":{"start":{"line":20,"column":8},"end":{"line":20,"column":36}},"10":{"start":{"line":21,"column":8},"end":{"line":21,"column":45}},"11":{"start":{"line":21,"column":22},"end":{"line":21,"column":45}},"12":{"start":{"line":22,"column":8},"end":{"line":22,"column":19}},"13":{"start":{"line":25,"column":8},"end":{"line":25,"column":28}},"14":{"start":{"line":26,"column":8},"end":{"line":26,"column":31}},"15":{"start":{"line":27,"column":8},"end":{"line":29,"column":11}},"16":{"start":{"line":28,"column":8},"end":{"line":28,"column":43}},"17":{"start":{"line":30,"column":8},"end":{"line":37,"column":14}},"18":{"start":{"line":31,"column":8},"end":{"line":31,"column":40}},"19":{"start":{"line":32,"column":8},"end":{"line":32,"column":82}},"20":{"start":{"line":32,"column":28},"end":{"line":32,"column":71}},"21":{"start":{"line":32,"column":72},"end":{"line":32,"column":80}},"22":{"start":{"line":33,"column":8},"end":{"line":36,"column":10}},"23":{"start":{"line":34,"column":12},"end":{"line":34,"column":56}},"24":{"start":{"line":35,"column":12},"end":{"line":35,"column":29}},"25":{"start":{"line":38,"column":8},"end":{"line":38,"column":19}},"26":{"start":{"line":47,"column":0},"end":{"line":59,"column":1}},"27":{"start":{"line":48,"column":4},"end":{"line":48,"column":25}},"28":{"start":{"line":49,"column":4},"end":{"line":49,"column":80}},"29":{"start":{"line":50,"column":4},"end":{"line":58,"column":5}},"30":{"start":{"line":60,"column":0},"end":{"line":115,"column":5}},"31":{"start":{"line":62,"column":0},"end":{"line":68,"column":2}},"32":{"start":{"line":64,"column":4},"end":{"line":64,"column":57}},"33":{"start":{"line":65,"column":4},"end":{"line":65,"column":44}},"34":{"start":{"line":66,"column":4},"end":{"line":66,"column":45}},"35":{"start":{"line":67,"column":4},"end":{"line":67,"column":32}},"36":{"start":{"line":70,"column":0},"end":{"line":80,"column":2}},"37":{"start":{"line":72,"column":4},"end":{"line":72,"column":51}},"38":{"start":{"line":73,"column":4},"end":{"line":73,"column":47}},"39":{"start":{"line":74,"column":4},"end":{"line":74,"column":48}},"40":{"start":{"line":75,"column":4},"end":{"line":75,"column":34}},"41":{"start":{"line":76,"column":4},"end":{"line":76,"column":35}},"42":{"start":{"line":77,"column":4},"end":{"line":77,"column":36}},"43":{"start":{"line":78,"column":4},"end":{"line":78,"column":32}},"44":{"start":{"line":79,"column":4},"end":{"line":79,"column":62}},"45":{"start":{"line":82,"column":0},"end":{"line":87,"column":2}},"46":{"start":{"line":84,"column":4},"end":{"line":84,"column":19}},"47":{"start":{"line":85,"column":4},"end":{"line":85,"column":24}},"48":{"start":{"line":86,"column":4},"end":{"line":86,"column":34}},"49":{"start":{"line":89,"column":0},"end":{"line":94,"column":2}},"50":{"start":{"line":91,"column":4},"end":{"line":91,"column":57}},"51":{"start":{"line":92,"column":4},"end":{"line":92,"column":47}},"52":{"start":{"line":93,"column":4},"end":{"line":93,"column":48}},"53":{"start":{"line":96,"column":0},"end":{"line":102,"column":1}},"54":{"start":{"line":98,"column":4},"end":{"line":98,"column":57}},"55":{"start":{"line":99,"column":4},"end":{"line":99,"column":44}},"56":{"start":{"line":100,"column":4},"end":{"line":100,"column":48}},"57":{"start":{"line":101,"column":4},"end":{"line":101,"column":34}},"58":{"start":{"line":105,"column":0},"end":{"line":114,"column":1}},"59":{"start":{"line":112,"column":8},"end":{"line":112,"column":64}},"60":{"start":{"line":123,"column":0},"end":{"line":133,"column":1}},"61":{"start":{"line":124,"column":4},"end":{"line":124,"column":24}},"62":{"start":{"line":125,"column":4},"end":{"line":131,"column":5}},"63":{"start":{"line":126,"column":8},"end":{"line":128,"column":11}},"64":{"start":{"line":127,"column":12},"end":{"line":127,"column":62}},"65":{"start":{"line":129,"column":11},"end":{"line":131,"column":5}},"66":{"start":{"line":130,"column":8},"end":{"line":130,"column":59}},"67":{"start":{"line":132,"column":4},"end":{"line":132,"column":21}},"68":{"start":{"line":141,"column":0},"end":{"line":156,"column":1}},"69":{"start":{"line":142,"column":4},"end":{"line":154,"column":7}},"70":{"start":{"line":143,"column":8},"end":{"line":143,"column":26}},"71":{"start":{"line":144,"column":8},"end":{"line":148,"column":10}},"72":{"start":{"line":145,"column":12},"end":{"line":147,"column":15}},"73":{"start":{"line":146,"column":16},"end":{"line":146,"column":132}},"74":{"start":{"line":149,"column":8},"end":{"line":149,"column":44}},"75":{"start":{"line":150,"column":8},"end":{"line":151,"column":132}},"76":{"start":{"line":150,"column":62},"end":{"line":150,"column":134}},"77":{"start":{"line":151,"column":13},"end":{"line":151,"column":132}},"78":{"start":{"line":151,"column":54},"end":{"line":151,"column":130}},"79":{"start":{"line":153,"column":8},"end":{"line":153,"column":69}},"80":{"start":{"line":155,"column":4},"end":{"line":155,"column":57}},"81":{"start":{"line":164,"column":0},"end":{"line":192,"column":2}},"82":{"start":{"line":165,"column":4},"end":{"line":165,"column":46}},"83":{"start":{"line":166,"column":4},"end":{"line":166,"column":51}},"84":{"start":{"line":167,"column":4},"end":{"line":167,"column":28}},"85":{"start":{"line":168,"column":4},"end":{"line":191,"column":5}},"86":{"start":{"line":169,"column":7},"end":{"line":185,"column":8}},"87":{"start":{"line":170,"column":11},"end":{"line":171,"column":32}},"88":{"start":{"line":172,"column":11},"end":{"line":172,"column":56}},"89":{"start":{"line":173,"column":11},"end":{"line":182,"column":12}},"90":{"start":{"line":174,"column":15},"end":{"line":180,"column":18}},"91":{"start":{"line":181,"column":15},"end":{"line":181,"column":38}},"92":{"start":{"line":183,"column":11},"end":{"line":183,"column":32}},"93":{"start":{"line":184,"column":11},"end":{"line":184,"column":40}},"94":{"start":{"line":187,"column":8},"end":{"line":187,"column":102}},"95":{"start":{"line":188,"column":8},"end":{"line":190,"column":28}},"96":{"start":{"line":199,"column":0},"end":{"line":211,"column":1}},"97":{"start":{"line":200,"column":4},"end":{"line":203,"column":7}},"98":{"start":{"line":201,"column":8},"end":{"line":202,"column":50}},"99":{"start":{"line":201,"column":45},"end":{"line":201,"column":62}},"100":{"start":{"line":202,"column":13},"end":{"line":202,"column":50}},"101":{"start":{"line":202,"column":32},"end":{"line":202,"column":48}},"102":{"start":{"line":204,"column":4},"end":{"line":204,"column":18}},"103":{"start":{"line":205,"column":4},"end":{"line":205,"column":26}},"104":{"start":{"line":206,"column":4},"end":{"line":206,"column":27}},"105":{"start":{"line":207,"column":4},"end":{"line":207,"column":26}},"106":{"start":{"line":208,"column":4},"end":{"line":208,"column":26}},"107":{"start":{"line":210,"column":4},"end":{"line":210,"column":14}},"108":{"start":{"line":214,"column":0},"end":{"line":216,"column":2}},"109":{"start":{"line":215,"column":4},"end":{"line":215,"column":59}},"110":{"start":{"line":219,"column":0},"end":{"line":224,"column":1}},"111":{"start":{"line":220,"column":4},"end":{"line":223,"column":9}},"112":{"start":{"line":231,"column":0},"end":{"line":244,"column":2}},"113":{"start":{"line":232,"column":4},"end":{"line":232,"column":29}},"114":{"start":{"line":233,"column":4},"end":{"line":233,"column":59}},"115":{"start":{"line":234,"column":4},"end":{"line":243,"column":7}},"116":{"start":{"line":235,"column":8},"end":{"line":241,"column":11}},"117":{"start":{"line":236,"column":12},"end":{"line":240,"column":13}},"118":{"start":{"line":237,"column":16},"end":{"line":237,"column":44}},"119":{"start":{"line":238,"column":19},"end":{"line":240,"column":13}},"120":{"start":{"line":239,"column":16},"end":{"line":239,"column":59}},"121":{"start":{"line":242,"column":8},"end":{"line":242,"column":79}},"122":{"start":{"line":251,"column":0},"end":{"line":258,"column":1}},"123":{"start":{"line":252,"column":4},"end":{"line":252,"column":19}},"124":{"start":{"line":253,"column":4},"end":{"line":257,"column":5}},"125":{"start":{"line":254,"column":8},"end":{"line":254,"column":49}},"126":{"start":{"line":256,"column":8},"end":{"line":256,"column":47}},"127":{"start":{"line":261,"column":0},"end":{"line":269,"column":1}},"128":{"start":{"line":262,"column":4},"end":{"line":262,"column":47}},"129":{"start":{"line":263,"column":4},"end":{"line":268,"column":5}},"130":{"start":{"line":264,"column":8},"end":{"line":264,"column":95}},"131":{"start":{"line":265,"column":8},"end":{"line":265,"column":23}},"132":{"start":{"line":267,"column":8},"end":{"line":267,"column":23}},"133":{"start":{"line":272,"column":0},"end":{"line":301,"column":1}},"134":{"start":{"line":274,"column":4},"end":{"line":274,"column":50}},"135":{"start":{"line":276,"column":4},"end":{"line":282,"column":7}},"136":{"start":{"line":277,"column":8},"end":{"line":277,"column":47}},"137":{"start":{"line":278,"column":8},"end":{"line":278,"column":65}},"138":{"start":{"line":279,"column":8},"end":{"line":279,"column":58}},"139":{"start":{"line":280,"column":8},"end":{"line":280,"column":51}},"140":{"start":{"line":281,"column":8},"end":{"line":281,"column":43}},"141":{"start":{"line":284,"column":4},"end":{"line":286,"column":7}},"142":{"start":{"line":285,"column":8},"end":{"line":285,"column":32}},"143":{"start":{"line":288,"column":4},"end":{"line":291,"column":7}},"144":{"start":{"line":290,"column":8},"end":{"line":290,"column":49}},"145":{"start":{"line":293,"column":4},"end":{"line":296,"column":7}},"146":{"start":{"line":294,"column":8},"end":{"line":294,"column":64}},"147":{"start":{"line":295,"column":8},"end":{"line":295,"column":37}},"148":{"start":{"line":298,"column":4},"end":{"line":300,"column":7}},"149":{"start":{"line":299,"column":8},"end":{"line":299,"column":43}},"150":{"start":{"line":304,"column":0},"end":{"line":317,"column":2}},"151":{"start":{"line":305,"column":4},"end":{"line":316,"column":7}},"152":{"start":{"line":306,"column":8},"end":{"line":306,"column":29}},"153":{"start":{"line":307,"column":8},"end":{"line":307,"column":47}},"154":{"start":{"line":308,"column":8},"end":{"line":308,"column":88}},"155":{"start":{"line":309,"column":8},"end":{"line":315,"column":15}},"156":{"start":{"line":311,"column":16},"end":{"line":311,"column":66}},"157":{"start":{"line":312,"column":16},"end":{"line":312,"column":41}},"158":{"start":{"line":314,"column":16},"end":{"line":314,"column":28}},"159":{"start":{"line":320,"column":0},"end":{"line":333,"column":2}},"160":{"start":{"line":321,"column":4},"end":{"line":324,"column":5}},"161":{"start":{"line":325,"column":4},"end":{"line":325,"column":42}},"162":{"start":{"line":326,"column":4},"end":{"line":330,"column":5}},"163":{"start":{"line":327,"column":8},"end":{"line":329,"column":11}},"164":{"start":{"line":328,"column":12},"end":{"line":328,"column":62}},"165":{"start":{"line":331,"column":4},"end":{"line":331,"column":22}},"166":{"start":{"line":332,"column":4},"end":{"line":332,"column":53}},"167":{"start":{"line":336,"column":0},"end":{"line":349,"column":2}},"168":{"start":{"line":337,"column":4},"end":{"line":337,"column":36}},"169":{"start":{"line":338,"column":4},"end":{"line":338,"column":26}},"170":{"start":{"line":339,"column":4},"end":{"line":346,"column":7}},"171":{"start":{"line":340,"column":8},"end":{"line":340,"column":49}},"172":{"start":{"line":341,"column":8},"end":{"line":341,"column":26}},"173":{"start":{"line":342,"column":8},"end":{"line":344,"column":10}},"174":{"start":{"line":343,"column":12},"end":{"line":343,"column":92}},"175":{"start":{"line":345,"column":8},"end":{"line":345,"column":36}},"176":{"start":{"line":347,"column":4},"end":{"line":347,"column":52}},"177":{"start":{"line":348,"column":4},"end":{"line":348,"column":38}},"178":{"start":{"line":358,"column":0},"end":{"line":374,"column":1}},"179":{"start":{"line":359,"column":4},"end":{"line":362,"column":5}},"180":{"start":{"line":363,"column":4},"end":{"line":363,"column":77}},"181":{"start":{"line":364,"column":4},"end":{"line":364,"column":32}},"182":{"start":{"line":365,"column":4},"end":{"line":373,"column":11}},"183":{"start":{"line":367,"column":12},"end":{"line":367,"column":76}},"184":{"start":{"line":368,"column":12},"end":{"line":368,"column":23}},"185":{"start":{"line":371,"column":12},"end":{"line":371,"column":66}},"186":{"start":{"line":372,"column":12},"end":{"line":372,"column":23}},"187":{"start":{"line":383,"column":0},"end":{"line":452,"column":2}},"188":{"start":{"line":384,"column":4},"end":{"line":384,"column":46}},"189":{"start":{"line":385,"column":4},"end":{"line":451,"column":5}},"190":{"start":{"line":386,"column":8},"end":{"line":386,"column":37}},"191":{"start":{"line":387,"column":8},"end":{"line":387,"column":36}},"192":{"start":{"line":388,"column":8},"end":{"line":388,"column":68}},"193":{"start":{"line":389,"column":8},"end":{"line":401,"column":9}},"194":{"start":{"line":390,"column":12},"end":{"line":390,"column":99}},"195":{"start":{"line":391,"column":12},"end":{"line":391,"column":88}},"196":{"start":{"line":392,"column":12},"end":{"line":393,"column":82}},"197":{"start":{"line":394,"column":12},"end":{"line":399,"column":15}},"198":{"start":{"line":400,"column":12},"end":{"line":400,"column":51}},"199":{"start":{"line":402,"column":8},"end":{"line":402,"column":93}},"200":{"start":{"line":403,"column":8},"end":{"line":403,"column":43}},"201":{"start":{"line":404,"column":8},"end":{"line":404,"column":48}},"202":{"start":{"line":405,"column":8},"end":{"line":405,"column":59}},"203":{"start":{"line":407,"column":8},"end":{"line":407,"column":35}},"204":{"start":{"line":408,"column":8},"end":{"line":408,"column":63}},"205":{"start":{"line":409,"column":8},"end":{"line":450,"column":9}},"206":{"start":{"line":410,"column":12},"end":{"line":410,"column":65}},"207":{"start":{"line":411,"column":12},"end":{"line":411,"column":58}},"208":{"start":{"line":412,"column":12},"end":{"line":427,"column":13}},"209":{"start":{"line":413,"column":16},"end":{"line":415,"column":91}},"210":{"start":{"line":416,"column":16},"end":{"line":416,"column":48}},"211":{"start":{"line":417,"column":16},"end":{"line":425,"column":19}},"212":{"start":{"line":426,"column":16},"end":{"line":426,"column":39}},"213":{"start":{"line":428,"column":12},"end":{"line":428,"column":33}},"214":{"start":{"line":429,"column":12},"end":{"line":429,"column":52}},"215":{"start":{"line":430,"column":12},"end":{"line":430,"column":52}},"216":{"start":{"line":431,"column":12},"end":{"line":447,"column":13}},"217":{"start":{"line":432,"column":16},"end":{"line":436,"column":17}},"218":{"start":{"line":433,"column":20},"end":{"line":433,"column":108}},"219":{"start":{"line":435,"column":20},"end":{"line":435,"column":87}},"220":{"start":{"line":437,"column":16},"end":{"line":437,"column":65}},"221":{"start":{"line":438,"column":16},"end":{"line":438,"column":82}},"222":{"start":{"line":439,"column":16},"end":{"line":446,"column":17}},"223":{"start":{"line":440,"column":20},"end":{"line":440,"column":93}},"224":{"start":{"line":441,"column":20},"end":{"line":441,"column":45}},"225":{"start":{"line":442,"column":20},"end":{"line":442,"column":63}},"226":{"start":{"line":444,"column":20},"end":{"line":444,"column":138}},"227":{"start":{"line":445,"column":20},"end":{"line":445,"column":68}},"228":{"start":{"line":449,"column":12},"end":{"line":449,"column":47}},"229":{"start":{"line":455,"column":0},"end":{"line":463,"column":2}},"230":{"start":{"line":456,"column":4},"end":{"line":462,"column":5}},"231":{"start":{"line":457,"column":8},"end":{"line":457,"column":66}},"232":{"start":{"line":458,"column":11},"end":{"line":462,"column":5}},"233":{"start":{"line":459,"column":8},"end":{"line":459,"column":39}},"234":{"start":{"line":461,"column":8},"end":{"line":461,"column":27}}},"branchMap":{"1":{"line":9,"type":"binary-expr","locations":[{"start":{"line":9,"column":14},"end":{"line":9,"column":23}},{"start":{"line":9,"column":27},"end":{"line":9,"column":35}}]},"2":{"line":10,"type":"binary-expr","locations":[{"start":{"line":10,"column":12},"end":{"line":10,"column":14}},{"start":{"line":10,"column":18},"end":{"line":12,"column":9}}]},"3":{"line":17,"type":"cond-expr","locations":[{"start":{"line":17,"column":36},"end":{"line":17,"column":46}},{"start":{"line":17,"column":49},"end":{"line":19,"column":10}}]},"4":{"line":21,"type":"if","locations":[{"start":{"line":21,"column":8},"end":{"line":21,"column":8}},{"start":{"line":21,"column":8},"end":{"line":21,"column":8}}]},"5":{"line":27,"type":"cond-expr","locations":[{"start":{"line":27,"column":36},"end":{"line":27,"column":46}},{"start":{"line":27,"column":49},"end":{"line":29,"column":10}}]},"6":{"line":32,"type":"if","locations":[{"start":{"line":32,"column":8},"end":{"line":32,"column":8}},{"start":{"line":32,"column":8},"end":{"line":32,"column":8}}]},"7":{"line":32,"type":"binary-expr","locations":[{"start":{"line":32,"column":28},"end":{"line":32,"column":46}},{"start":{"line":32,"column":50},"end":{"line":32,"column":70}}]},"8":{"line":112,"type":"binary-expr","locations":[{"start":{"line":112,"column":15},"end":{"line":112,"column":46}},{"start":{"line":112,"column":50},"end":{"line":112,"column":63}}]},"9":{"line":125,"type":"if","locations":[{"start":{"line":125,"column":4},"end":{"line":125,"column":4}},{"start":{"line":125,"column":4},"end":{"line":125,"column":4}}]},"10":{"line":129,"type":"if","locations":[{"start":{"line":129,"column":11},"end":{"line":129,"column":11}},{"start":{"line":129,"column":11},"end":{"line":129,"column":11}}]},"11":{"line":129,"type":"binary-expr","locations":[{"start":{"line":129,"column":15},"end":{"line":129,"column":39}},{"start":{"line":129,"column":45},"end":{"line":129,"column":69}}]},"12":{"line":146,"type":"cond-expr","locations":[{"start":{"line":146,"column":36},"end":{"line":146,"column":100}},{"start":{"line":146,"column":104},"end":{"line":146,"column":130}}]},"13":{"line":146,"type":"binary-expr","locations":[{"start":{"line":146,"column":36},"end":{"line":146,"column":47}},{"start":{"line":146,"column":51},"end":{"line":146,"column":100}}]},"14":{"line":150,"type":"if","locations":[{"start":{"line":150,"column":8},"end":{"line":150,"column":8}},{"start":{"line":150,"column":8},"end":{"line":150,"column":8}}]},"15":{"line":151,"type":"if","locations":[{"start":{"line":151,"column":13},"end":{"line":151,"column":13}},{"start":{"line":151,"column":13},"end":{"line":151,"column":13}}]},"16":{"line":168,"type":"if","locations":[{"start":{"line":168,"column":4},"end":{"line":168,"column":4}},{"start":{"line":168,"column":4},"end":{"line":168,"column":4}}]},"17":{"line":178,"type":"cond-expr","locations":[{"start":{"line":178,"column":128},"end":{"line":178,"column":184}},{"start":{"line":178,"column":187},"end":{"line":178,"column":189}}]},"18":{"line":201,"type":"if","locations":[{"start":{"line":201,"column":8},"end":{"line":201,"column":8}},{"start":{"line":201,"column":8},"end":{"line":201,"column":8}}]},"19":{"line":201,"type":"binary-expr","locations":[{"start":{"line":201,"column":11},"end":{"line":201,"column":14}},{"start":{"line":201,"column":18},"end":{"line":201,"column":41}}]},"20":{"line":202,"type":"if","locations":[{"start":{"line":202,"column":13},"end":{"line":202,"column":13}},{"start":{"line":202,"column":13},"end":{"line":202,"column":13}}]},"21":{"line":215,"type":"binary-expr","locations":[{"start":{"line":215,"column":14},"end":{"line":215,"column":22}},{"start":{"line":215,"column":26},"end":{"line":215,"column":38}},{"start":{"line":215,"column":42},"end":{"line":215,"column":56}}]},"22":{"line":236,"type":"if","locations":[{"start":{"line":236,"column":12},"end":{"line":236,"column":12}},{"start":{"line":236,"column":12},"end":{"line":236,"column":12}}]},"23":{"line":238,"type":"if","locations":[{"start":{"line":238,"column":19},"end":{"line":238,"column":19}},{"start":{"line":238,"column":19},"end":{"line":238,"column":19}}]},"24":{"line":253,"type":"if","locations":[{"start":{"line":253,"column":4},"end":{"line":253,"column":4}},{"start":{"line":253,"column":4},"end":{"line":253,"column":4}}]},"25":{"line":263,"type":"if","locations":[{"start":{"line":263,"column":4},"end":{"line":263,"column":4}},{"start":{"line":263,"column":4},"end":{"line":263,"column":4}}]},"26":{"line":368,"type":"binary-expr","locations":[{"start":{"line":368,"column":12},"end":{"line":368,"column":14}},{"start":{"line":368,"column":18},"end":{"line":368,"column":22}}]},"27":{"line":372,"type":"binary-expr","locations":[{"start":{"line":372,"column":12},"end":{"line":372,"column":14}},{"start":{"line":372,"column":18},"end":{"line":372,"column":22}}]},"28":{"line":385,"type":"if","locations":[{"start":{"line":385,"column":4},"end":{"line":385,"column":4}},{"start":{"line":385,"column":4},"end":{"line":385,"column":4}}]},"29":{"line":390,"type":"binary-expr","locations":[{"start":{"line":390,"column":23},"end":{"line":390,"column":51}},{"start":{"line":390,"column":55},"end":{"line":390,"column":98}}]},"30":{"line":392,"type":"cond-expr","locations":[{"start":{"line":392,"column":59},"end":{"line":392,"column":63}},{"start":{"line":393,"column":30},"end":{"line":393,"column":81}}]},"31":{"line":408,"type":"binary-expr","locations":[{"start":{"line":408,"column":21},"end":{"line":408,"column":36}},{"start":{"line":408,"column":40},"end":{"line":408,"column":62}}]},"32":{"line":409,"type":"if","locations":[{"start":{"line":409,"column":8},"end":{"line":409,"column":8}},{"start":{"line":409,"column":8},"end":{"line":409,"column":8}}]},"33":{"line":413,"type":"cond-expr","locations":[{"start":{"line":414,"column":42},"end":{"line":414,"column":75}},{"start":{"line":415,"column":42},"end":{"line":415,"column":90}}]},"34":{"line":432,"type":"if","locations":[{"start":{"line":432,"column":16},"end":{"line":432,"column":16}},{"start":{"line":432,"column":16},"end":{"line":432,"column":16}}]},"35":{"line":433,"type":"cond-expr","locations":[{"start":{"line":433,"column":87},"end":{"line":433,"column":93}},{"start":{"line":433,"column":96},"end":{"line":433,"column":107}}]},"36":{"line":439,"type":"if","locations":[{"start":{"line":439,"column":16},"end":{"line":439,"column":16}},{"start":{"line":439,"column":16},"end":{"line":439,"column":16}}]},"37":{"line":456,"type":"if","locations":[{"start":{"line":456,"column":4},"end":{"line":456,"column":4}},{"start":{"line":456,"column":4},"end":{"line":456,"column":4}}]},"38":{"line":458,"type":"if","locations":[{"start":{"line":458,"column":11},"end":{"line":458,"column":11}},{"start":{"line":458,"column":11},"end":{"line":458,"column":11}}]}},"l":{"2":21,"3":36,"5":21,"8":36,"11":0,"14":36,"17":0,"18":0,"20":0,"21":0,"22":0,"25":36,"26":36,"27":36,"28":0,"30":36,"31":69,"32":69,"33":36,"34":33,"35":33,"38":36,"47":21,"48":21,"49":21,"50":21,"60":21,"62":21,"64":57,"65":57,"66":57,"67":57,"70":21,"72":27,"73":27,"74":27,"75":27,"76":27,"77":27,"78":27,"79":27,"82":21,"84":36,"85":36,"86":36,"89":21,"91":21,"92":21,"93":21,"96":21,"98":12,"99":12,"100":12,"101":12,"105":21,"112":117,"123":21,"124":77,"125":77,"126":0,"127":0,"129":77,"130":41,"132":77,"141":21,"142":18,"143":90,"144":90,"145":54,"146":324,"149":90,"150":90,"151":54,"153":90,"155":18,"164":21,"165":45,"166":45,"167":45,"168":45,"169":45,"170":45,"172":45,"173":45,"174":117,"181":117,"183":45,"184":45,"187":0,"188":0,"199":21,"200":72,"201":1080,"202":1044,"204":72,"205":72,"206":72,"207":72,"208":72,"210":72,"214":21,"215":45,"219":21,"220":0,"231":21,"232":36,"233":36,"234":36,"235":36,"236":108,"237":72,"238":36,"239":36,"242":36,"251":21,"252":33,"253":33,"254":21,"256":12,"261":21,"262":69,"263":69,"264":36,"265":36,"267":33,"272":21,"274":21,"276":21,"277":0,"278":0,"279":0,"280":0,"281":0,"284":21,"285":0,"288":21,"290":36,"293":21,"294":31,"295":31,"298":21,"299":9,"304":21,"305":21,"306":21,"307":21,"308":21,"309":21,"311":20,"312":20,"314":0,"320":21,"321":36,"325":36,"326":36,"327":36,"328":36,"331":36,"332":36,"336":21,"337":36,"338":36,"339":36,"340":36,"341":36,"342":36,"343":108,"345":36,"347":36,"348":36,"358":21,"359":36,"363":36,"364":36,"365":36,"367":12,"368":12,"371":21,"372":21,"383":21,"384":33,"385":33,"386":12,"387":12,"388":12,"389":12,"390":36,"391":36,"392":36,"394":36,"400":36,"402":12,"403":12,"404":12,"405":12,"407":21,"408":21,"409":21,"410":21,"411":21,"412":21,"413":63,"416":63,"417":63,"426":63,"428":21,"429":21,"430":21,"431":21,"432":21,"433":4,"435":17,"437":21,"438":21,"439":21,"440":20,"441":20,"442":20,"444":1,"445":1,"449":0,"455":17,"456":21,"457":4,"458":17,"459":16,"461":1}},"app/templates/constants.js":{"path":"app/templates/constants.js","s":{"1":21},"b":{},"f":{},"fnMap":{},"statementMap":{"1":{"start":{"line":1,"column":0},"end":{"line":31,"column":1}}},"branchMap":{},"l":{"1":21}},"app/templates/modal.js":{"path":"app/templates/modal.js","s":{"1":21,"2":21,"3":21,"4":21,"5":21,"6":21,"7":21,"8":21,"9":21,"10":21,"11":0,"12":21,"13":20,"14":20,"15":18,"16":18,"17":18,"18":18,"19":21,"20":0,"21":0,"22":21},"b":{"1":[18,0]},"f":{"1":21,"2":21,"3":21,"4":21,"5":0,"6":20,"7":18,"8":0},"fnMap":{"1":{"name":"(anonymous_1)","line":1,"loc":{"start":{"line":1,"column":19},"end":{"line":1,"column":30}}},"2":{"name":"(anonymous_2)","line":3,"loc":{"start":{"line":3,"column":14},"end":{"line":3,"column":32}}},"3":{"name":"(anonymous_3)","line":11,"loc":{"start":{"line":11,"column":12},"end":{"line":11,"column":27}}},"4":{"name":"(anonymous_4)","line":21,"loc":{"start":{"line":21,"column":22},"end":{"line":21,"column":37}}},"5":{"name":"(anonymous_5)","line":29,"loc":{"start":{"line":29,"column":12},"end":{"line":29,"column":28}}},"6":{"name":"getAssetTypeDetails","line":35,"loc":{"start":{"line":35,"column":8},"end":{"line":35,"column":43}}},"7":{"name":"(anonymous_7)","line":38,"loc":{"start":{"line":38,"column":26},"end":{"line":38,"column":41}}},"8":{"name":"showError","line":47,"loc":{"start":{"line":47,"column":8},"end":{"line":47,"column":32}}}},"statementMap":{"1":{"start":{"line":1,"column":0},"end":{"line":55,"column":3}},"2":{"start":{"line":2,"column":4},"end":{"line":54,"column":7}},"3":{"start":{"line":4,"column":8},"end":{"line":4,"column":29}},"4":{"start":{"line":7,"column":8},"end":{"line":7,"column":55}},"5":{"start":{"line":10,"column":8},"end":{"line":32,"column":10}},"6":{"start":{"line":12,"column":16},"end":{"line":12,"column":68}},"7":{"start":{"line":13,"column":16},"end":{"line":18,"column":18}},"8":{"start":{"line":20,"column":16},"end":{"line":27,"column":34}},"9":{"start":{"line":22,"column":20},"end":{"line":22,"column":58}},"10":{"start":{"line":23,"column":20},"end":{"line":25,"column":42}},"11":{"start":{"line":30,"column":16},"end":{"line":30,"column":66}},"12":{"start":{"line":35,"column":8},"end":{"line":45,"column":9}},"13":{"start":{"line":36,"column":12},"end":{"line":36,"column":112}},"14":{"start":{"line":37,"column":12},"end":{"line":44,"column":38}},"15":{"start":{"line":39,"column":24},"end":{"line":39,"column":59}},"16":{"start":{"line":40,"column":24},"end":{"line":40,"column":66}},"17":{"start":{"line":41,"column":24},"end":{"line":41,"column":76}},"18":{"start":{"line":42,"column":24},"end":{"line":42,"column":53}},"19":{"start":{"line":47,"column":8},"end":{"line":50,"column":9}},"20":{"start":{"line":48,"column":12},"end":{"line":48,"column":42}},"21":{"start":{"line":49,"column":12},"end":{"line":49,"column":47}},"22":{"start":{"line":53,"column":8},"end":{"line":53,"column":29}}},"branchMap":{"1":{"line":40,"type":"binary-expr","locations":[{"start":{"line":40,"column":34},"end":{"line":40,"column":59}},{"start":{"line":40,"column":63},"end":{"line":40,"column":65}}]}},"l":{"1":21,"2":21,"4":21,"7":21,"10":21,"12":21,"13":21,"20":21,"22":21,"23":21,"30":0,"35":21,"36":20,"37":20,"39":18,"40":18,"41":18,"42":18,"47":21,"48":0,"49":0,"53":21}},"app/app.js":{"path":"app/app.js","s":{"1":10,"2":10,"3":10,"4":10,"5":4},"b":{},"f":{"1":10,"2":10,"3":4},"fnMap":{"1":{"name":"(anonymous_1)","line":1,"loc":{"start":{"line":1,"column":19},"end":{"line":1,"column":30}}},"2":{"name":"(anonymous_2)","line":3,"loc":{"start":{"line":3,"column":14},"end":{"line":3,"column":32}}},"3":{"name":"(anonymous_3)","line":6,"loc":{"start":{"line":6,"column":12},"end":{"line":6,"column":23}}}},"statementMap":{"1":{"start":{"line":1,"column":0},"end":{"line":13,"column":3}},"2":{"start":{"line":2,"column":4},"end":{"line":12,"column":11}},"3":{"start":{"line":4,"column":10},"end":{"line":4,"column":31}},"4":{"start":{"line":5,"column":10},"end":{"line":11,"column":15}},"5":{"start":{"line":7,"column":16},"end":{"line":10,"column":19}}},"branchMap":{},"l":{"1":10,"2":10,"4":10,"5":10,"7":4}}},"coverageSummary":{"lines":{"total":255,"covered":232,"skipped":0,"pct":90.98},"statements":{"total":262,"covered":238,"skipped":0,"pct":90.84},"functions":{"total":64,"covered":53,"skipped":0,"pct":82.81},"branches":{"total":79,"covered":67,"skipped":0,"pct":84.81}},"lints":[{"severity":1,"value":"app/app.js::2: Expected rejection to be handled."},{"severity":1,"value":"app/templates/modal.js::2: Expected rejection to be handled."},{"severity":1,"value":"app/templates/modal.js::29: refrain from simply logging errors."},{"severity":1,"value":"app/templates/utils.js::383: Function has a complexity of 13."}],"metricData":{"command":[{"timestamp":"1557828088275","command":"run","arguments":"[]"},{"timestamp":"1557828523220","command":"run","arguments":"[]"},{"timestamp":"1557828531071","command":"validate","arguments":"[]"},{"timestamp":"1557828537707","command":"pack","arguments":"[]"}],"version":[{"fdk_version":"4.9.2"}]}}